{"cameraMode":{"drawMode":0,"name":"Shaded","section":"Shading Mode"},"sceneLighting":false,"audioPlay":false,"sceneViewState":{"showFog":true,"showMaterialUpdate":true,"showSkybox":false,"showFlares":true,"showImageEffects":true,"showParticleSystems":true},"in2DMode":false,"pivot":{"x":0.0,"y":1.4435499906539917e-8,"z":0.013383500277996064},"rotation":{"x":0.3608379662036896,"y":-0.6034936308860779,"z":0.35270455479621889,"w":0.6174101829528809},"size":0.015053593553602696,"orthographic":true}